"DATA","CASA","ITEM","QUANTIDADE","VALOR","FORNECEDOR","OBS. DE ENTREGA (NÃO RECEBEMOS 11H30 AS 14H00)","STATUS","VALOR TOTAL","R$ FIXO","INFLAÇÃO","VOL. MAX","ID","MAXIMO"
"28/07","JT - FORTUNATO CNPJ: 54.572.897/0001-57 ","AGUA SAO LOURENCO COM GAS","144,00","2,60","SOS","TERÇA A SEXTA DAS 8H30 AS 16H","CONFIRMADO","375,00","","","144","1",""
"28/07","JT - FORTUNATO CNPJ: 54.572.897/0001-57 ","AGUA SAO LOURENCO SEM GAS","180,00","2,38","SOS","TERÇA A SEXTA DAS 8H30 AS 16H","CONFIRMADO","428,25","","","180","2",""
"27/07","JT - FORTUNATO CNPJ: 54.572.897/0001-57 ","CAPSULA TRES AMENO","240,00","1,79","3 CORAÇÕES","TERÇA A SEXTA DAS 8H30 AS 16H","CONFIRMADO","428,40","","","240","3",""
"27/07","JT - FORTUNATO CNPJ: 54.572.897/0001-57 ","COLORADO APPIA 600ML","12,00","0,00","AMBEV","TERÇA A SEXTA DAS 8H30 AS 16H","RUPTURA","0,00","","","12","4",""
"27/07","JT - FORTUNATO CNPJ: 54.572.897/0001-57 ","CORONA LONG NECK","48,00","6,74","AMBEV","TERÇA A SEXTA DAS 8H30 AS 16H","CONFIRMADO","323,66","","","48","5",""
"27/07","JT - FORTUNATO CNPJ: 54.572.897/0001-57 ","HEINEKEN LONG NECK","48,00","6,55","HNK","TERÇA A SEXTA DAS 8H30 AS 16H","CONFIRMADO","314,35","","","48","6",""
"27/07","JT - FORTUNATO CNPJ: 54.572.897/0001-57 ","IÇA BEER IPA 600ML","12,00","17,90","IÇA BEER CERVEJARIA","TERÇA A SEXTA DAS 8H30 AS 16H","CONFIRMADO","214,80","","","12","7",""
"27/07","JT - FORTUNATO CNPJ: 54.572.897/0001-57 ","STELLA ARTOIS LONG NECK","24,00","6,30","AMBEV","TERÇA A SEXTA DAS 8H30 AS 16H","CONFIRMADO","151,29","","","24","8",""
"27/07","JT - FORTUNATO CNPJ: 54.572.897/0001-57 ","STELLA ARTOIS SEM GLUTEN 330ML","24,00","6,78","AMBEV","TERÇA A SEXTA DAS 8H30 AS 16H","CONFIRMADO","162,69","","","24","9",""
"27/07","JT - FORTUNATO CNPJ: 54.572.897/0001-57 ","CHOPP BRAHMA BLACK 30L","30,00","14,08","AMBEV","TERÇA A SEXTA DAS 8H30 AS 16H","CONFIRMADO","422,25","","","30","10",""
"27/07","JT - FORTUNATO CNPJ: 54.572.897/0001-57 ","CHOPP BRAHMA CLARO 50L","150,00","14,45","AMBEV","TERÇA A SEXTA DAS 8H30 AS 16H","CONFIRMADO","2.167,42","","","150","11",""
"27/07","JT - FORTUNATO CNPJ: 54.572.897/0001-57 ","CHOPP COLORADO APPIA 30L","30,00","15,12","AMBEV","TERÇA A SEXTA DAS 8H30 AS 16H","CONFIRMADO","453,53","","","30","12",""
"27/07","JT - FORTUNATO CNPJ: 54.572.897/0001-57 ","CHOPP STELLA ARTOIS 30L","30,00","14,08","AMBEV","TERÇA A SEXTA DAS 8H30 AS 16H","CONFIRMADO","422,25","","","30","13",""
"27/07","JT - FORTUNATO CNPJ: 54.572.897/0001-57 ","GAS CHOPP (m³)","2,00","128,43","CRYSTALMIX","TERÇA A SEXTA DAS 8H30 AS 16H","CONFIRMADO","256,86","","","2","14",""
"27/07","JT - FORTUNATO CNPJ: 54.572.897/0001-57 ","GELO 50MMX65MM","78,00","2,17","ICE 4 PROS","TERÇA A SEXTA DAS 8H30 AS 16H","CONFIRMADO","169,26","","","78","15",""
"27/07","JT - FORTUNATO CNPJ: 54.572.897/0001-57 ","COCA COLA LATA","72,00","3,45","SPAL/FEMSA","TERÇA A SEXTA DAS 8H30 AS 16H","CONFIRMADO","248,40","","","72","16",""
"27/07","JT - FORTUNATO CNPJ: 54.572.897/0001-57 ","COCA COLA ZERO LATA","180,00","3,45","SPAL/FEMSA","TERÇA A SEXTA DAS 8H30 AS 16H","CONFIRMADO","621,00","","","180","17",""
"27/07","JT - FORTUNATO CNPJ: 54.572.897/0001-57 ","FANTA GUARANA ZERO","60,00","2,91","SPAL/FEMSA","TERÇA A SEXTA DAS 8H30 AS 16H","CONFIRMADO","174,60","","","60","18",""
"27/07","JT - FORTUNATO CNPJ: 54.572.897/0001-57 ","SPRITE","60,00","2,91","SPAL/FEMSA","TERÇA A SEXTA DAS 8H30 AS 16H","CONFIRMADO","174,60","","","60","19",""
"27/07","JT - FORTUNATO CNPJ: 54.572.897/0001-57 ","SPRITE LEMON FRESH PET 510ML","12,00","2,72","SPAL/FEMSA","TERÇA A SEXTA DAS 8H30 AS 16H","CONFIRMADO","32,64","","","12","20",""
"27/07","JT - FORTUNATO CNPJ: 54.572.897/0001-57 ","SPRITE ZERO","60,00","2,91","SPAL/FEMSA","TERÇA A SEXTA DAS 8H30 AS 16H","CONFIRMADO","174,60","","","60","21",""
"27/07","JT - FORTUNATO CNPJ: 54.572.897/0001-57 ","CORONA ZERO LONG NECK","24,00","6,74","AMBEV","TERÇA A SEXTA DAS 8H30 AS 16H","CONFIRMADO","161,83","","","24","22",""
"27/07","JT - FORTUNATO CNPJ: 54.572.897/0001-57 ","SEU GIN PREMIUM 1750ML","12,00","55,71","SEU GIN","TERÇA A SEXTA DAS 8H30 AS 16H","CONFIRMADO","668,52","","","12","23",""
"28/07","MF - BETSY CNPJ: 43.672.862/0001-73 ","AGUA SAO LOURENCO COM GAS","60,00","2,60","SOS","TERÇA E QUARTA DAS 7H30 AS 11H30","CONFIRMADO","156,25","","","60","24",""
"27/07","MF - BETSY CNPJ: 43.672.862/0001-73 ","AMSTEL ULTRA SEM GLUTEN 275ML","24,00","5,23","HNK","TERÇA E QUARTA DAS 7H30 AS 11H30","CONFIRMADO","125,55","","","24","26",""
"27/07","MF - BETSY CNPJ: 43.672.862/0001-73 ","CERVEJA BLUE MOON 355ML","24,00","9,46","HNK","TERÇA E QUARTA DAS 7H30 AS 11H30","CONFIRMADO","227,10","","","24","27",""
"27/07","MF - BETSY CNPJ: 43.672.862/0001-73 ","HEINEKEN LONG NECK","48,00","6,53","HNK","TERÇA E QUARTA DAS 7H30 AS 11H30","CONFIRMADO","313,33","","","48","28",""
"27/07","MF - BETSY CNPJ: 43.672.862/0001-73 ","CHOPP HEINEKEN BARRIL 30L","30,00","15,32","HNK","TERÇA E QUARTA DAS 7H30 AS 11H30","CONFIRMADO","459,66","","","30","29",""
"27/07","MF - BETSY CNPJ: 43.672.862/0001-73 ","GAS CHOPP (m³)","1,00","85,60","CRYSTALMIX","TERÇA E QUARTA DAS 7H30 AS 11H30","CONFIRMADO","85,60","","","1","30",""
"27/07","MF - BETSY CNPJ: 43.672.862/0001-73 ","GELO 50MMX65MM","78,00","2,17","ICE 4 PROS","TERÇA E QUARTA DAS 7H30 AS 11H30","CONFIRMADO","169,26","","","78","31",""
"27/07","MF - BETSY CNPJ: 43.672.862/0001-73 ","COCA COLA ZERO VIDRO 250 ML","48,00","3,45","SPAL/FEMSA","TERÇA E QUARTA DAS 7H30 AS 11H30","CONFIRMADO","165,60","","","48","32",""
"27/07","MF - BETSY CNPJ: 43.672.862/0001-73 ","COCA COLA 250ML VIDRO","72,00","3,45","SPAL/FEMSA","TERÇA E QUARTA DAS 7H30 AS 11H30","CONFIRMADO","248,40","","","72","33",""
"27/07","MF - BETSY CNPJ: 43.672.862/0001-73 ","COCA COLA ZERO VIDRO 250 ML","240,00","3,45","SPAL/FEMSA","TERÇA E QUARTA DAS 7H30 AS 11H30","CONFIRMADO","828,00","","","240","34",""
"27/07","MF - BETSY CNPJ: 43.672.862/0001-73 ","FANTA GUARANA ZERO","24,00","2,91","SPAL/FEMSA","TERÇA E QUARTA DAS 7H30 AS 11H30","CONFIRMADO","69,84","","","24","35",""
"27/07","MF - BETSY CNPJ: 43.672.862/0001-73 ","SPRITE ZERO","24,00","2,91","SPAL/FEMSA","TERÇA E QUARTA DAS 7H30 AS 11H30","CONFIRMADO","69,84","","","24","36",""
"27/07","MF - BETSY CNPJ: 43.672.862/0001-73 ","CERVEJA THEREZOPOLIS DUNKEL 500ML","12,00","8,00","SPAL/FEMSA","TERÇA E QUARTA DAS 7H30 AS 11H30","CONFIRMADO","96,00","","","12","37",""
"28/07","VMB - OLIVIO CNPJ: 27.350.242/0001-61","AGUA SAO LOURENCO COM GAS","72,00","2,48","SOS","TERÇA A SEXTA DAS 10H00 AS 17H","CONFIRMADO","178,56","","","72","38",""
"28/07","VMB - OLIVIO CNPJ: 27.350.242/0001-61","AGUA SAO LOURENCO SEM GAS","84,00","2,27","SOS","TERÇA A SEXTA DAS 10H00 AS 17H","CONFIRMADO","190,68","","","84","39",""
"27/07","VMB - OLIVIO CNPJ: 27.350.242/0001-61","HEINEKEN LONG NECK","48,00","6,55","HNK","TERÇA A SEXTA DAS 10H00 AS 17H","CONFIRMADO","314,35","","","48","40",""
"27/07","VMB - OLIVIO CNPJ: 27.350.242/0001-61","GELO 50MMX65MM","78,00","2,17","ICE 4 PROS","TERÇA A SEXTA DAS 10H00 AS 17H","CONFIRMADO","169,26","","","78","41",""
"27/07","VMB - OLIVIO CNPJ: 27.350.242/0001-61","OXIDO NITROSO","1,00","219,00","CRYSTALMIX","TERÇA A SEXTA DAS 10H00 AS 17H","CONFIRMADO","219,00","","","1","42",""
"27/07","VMB - OLIVIO CNPJ: 27.350.242/0001-61","COCA COLA ZERO VIDRO 250 ML","72,00","3,45","SPAL/FEMSA","TERÇA A SEXTA DAS 10H00 AS 17H","CONFIRMADO","248,40","","","72","43",""
"27/07","VMB - OLIVIO CNPJ: 27.350.242/0001-61","FANTA GUARANA","18,00","2,91","SPAL/FEMSA","TERÇA A SEXTA DAS 10H00 AS 17H","CONFIRMADO","52,38","","","18","44",""
"27/07","VMB - OLIVIO CNPJ: 27.350.242/0001-61","FANTA GUARANA ZERO","18,00","2,91","SPAL/FEMSA","TERÇA A SEXTA DAS 10H00 AS 17H","CONFIRMADO","52,38","","","18","45",""
"27/07","VMB - OLIVIO CNPJ: 27.350.242/0001-61","SPRITE ZERO","42,00","2,91","SPAL/FEMSA","TERÇA A SEXTA DAS 10H00 AS 17H","CONFIRMADO","122,22","","","42","46",""
"27/07","VMB - OLIVIO CNPJ: 27.350.242/0001-61","AGUA DE COCO 1L","12,00","12,84","FG7 (PERNOD)","TERÇA A SEXTA DAS 10H00 AS 17H","CONFIRMADO","154,08","","","12","47",""
"27/07","VMB - OLIVIO CNPJ: 27.350.242/0001-61","EL JIMADOR BLANCO 750 ML","1,00","94,08","FG7 (PERNOD)","TERÇA A SEXTA DAS 10H00 AS 17H","CONFIRMADO","94,08","","","1","48",""
"27/07","VMB - OLIVIO CNPJ: 27.350.242/0001-61","JACK DANIEL´S 1L","1,00","114,90","FG7 (PERNOD)","TERÇA A SEXTA DAS 10H00 AS 17H","CONFIRMADO","114,90","","","1","49",""
"27/07","VMB - OLIVIO CNPJ: 27.350.242/0001-61","JIM BEAN WHITE 1L","1,00","67,25","FG7 (PERNOD)","TERÇA A SEXTA DAS 10H00 AS 17H","CONFIRMADO","67,25","","","1","50",""
"27/07","MF - BETSY CNPJ: 43.672.862/0001-73 ","GIN FORDS LONDON DRY 750ML","2,00","67,35","NSA DISTRIBUIDORA","TERÇA E QUARTA DAS 7H30 AS 11H30","CONFIRMADO","134,70","","","2","51",""
"27/07","MF - BETSY CNPJ: 43.672.862/0001-73 ","GARRAFÃO VINHO BRANCO","1,00","41,90","NSA DISTRIBUIDORA","TERÇA E QUARTA DAS 7H30 AS 11H30","CONFIRMADO","41,90","","","1","52",""
"27/07","MF - BETSY CNPJ: 43.672.862/0001-73 ","GARRAFÃO VINHO TINTO","1,00","41,90","NSA DISTRIBUIDORA","TERÇA E QUARTA DAS 7H30 AS 11H30","CONFIRMADO","41,90","","","1","53",""
"27/07","MF - BETSY CNPJ: 43.672.862/0001-73 ","EL JIMADOR BLANCO 750 ML","1,00","83,50","NSA DISTRIBUIDORA","TERÇA E QUARTA DAS 7H30 AS 11H30","CONFIRMADO","83,50","","","1","54",""
"27/07","MF - BETSY CNPJ: 43.672.862/0001-73 ","XAROPE AMORA 1883","1,00","63,92","FG7 (PERNOD)","TERÇA E QUARTA DAS 7H30 AS 11H30","CONFIRMADO","63,92","","","1","55",""
"27/07","MF - BETSY CNPJ: 43.672.862/0001-73 ","XAROPE BLUE CURACAU 1883","2,00","63,92","FG7 (PERNOD)","TERÇA E QUARTA DAS 7H30 AS 11H30","CONFIRMADO","127,84","","","2","56",""
"27/07","MF - BETSY CNPJ: 43.672.862/0001-73 ","XAROPE MAÇA VERDE 1883","2,00","63,92","FG7 (PERNOD)","TERÇA E QUARTA DAS 7H30 AS 11H30","CONFIRMADO","127,84","","","2","57",""
"27/07","MF - BETSY CNPJ: 43.672.862/0001-73 ","XAROPE MORANGO 1883","2,00","63,92","FG7 (PERNOD)","TERÇA E QUARTA DAS 7H30 AS 11H30","CONFIRMADO","127,84","","","2","58",""
"27/07","MF - BETSY CNPJ: 43.672.862/0001-73 ","XAROPE TANGERINA MONIN","2,00","47,85","NSA DISTRIBUIDORA","TERÇA E QUARTA DAS 7H30 AS 11H30","CONFIRMADO","95,70","","","2","59",""
"27/07","JT - FORTUNATO CNPJ: 54.572.897/0001-57 ","CAMPARI 998 ML","2,00","57,38","MDG (PERNOD)","TERÇA A SEXTA DAS 8H30 AS 16H","CONFIRMADO","114,76","","","2","60",""
"27/07","JT - FORTUNATO CNPJ: 54.572.897/0001-57 ","NIB BITTER","2,00","69,90","SPON","TERÇA A SEXTA DAS 8H30 AS 16H","CONFIRMADO","139,80","","","2","61",""
"27/07","JT - FORTUNATO CNPJ: 54.572.897/0001-57 ","VINHO BRANCO BAG","2,00","57,53","NORONHA","TERÇA A SEXTA DAS 8H30 AS 16H","CONFIRMADO","115,06","","","2","62",""
"27/07","JT - FORTUNATO CNPJ: 54.572.897/0001-57 ","ESPIRITO DE MINAS 700 ML","2,00","61,50","GENIUS/OFF/EASY/SKY","TERÇA A SEXTA DAS 8H30 AS 16H","CONFIRMADO","123,00","","","2","63",""
"27/07","JT - FORTUNATO CNPJ: 54.572.897/0001-57 ","SELETA 600 ML","2,00","31,21","FG7 (PERNOD)","TERÇA A SEXTA DAS 8H30 AS 16H","CONFIRMADO","62,42","","","2","64",""
"27/07","JT - FORTUNATO CNPJ: 54.572.897/0001-57 ","VELHO BARREIRO 910 ML","6,00","14,78","MDG (PERNOD)","TERÇA A SEXTA DAS 8H30 AS 16H","CONFIRMADO","88,68","","","6","65",""
"27/07","JT - FORTUNATO CNPJ: 54.572.897/0001-57 ","DOMECQ CONHAQUE 1L","1,00","25,90","SPON","TERÇA A SEXTA DAS 8H30 AS 16H","CONFIRMADO","25,90","","","1","66",""
"27/07","JT - FORTUNATO CNPJ: 54.572.897/0001-57 ","RED BULL REGULAR","24,00","7,99","FRONT (PERNOD)","TERÇA A SEXTA DAS 8H30 AS 16H","CONFIRMADO","191,76","","","24","67",""
"27/07","JT - FORTUNATO CNPJ: 54.572.897/0001-57 ","RED BULL SUGAR FREE","24,00","7,99","FRONT (PERNOD)","TERÇA A SEXTA DAS 8H30 AS 16H","CONFIRMADO","191,76","","","24","68",""
"27/07","JT - FORTUNATO CNPJ: 54.572.897/0001-57 ","PROSSECO AURORA","12,00","28,50","GRF","TERÇA A SEXTA DAS 8H30 AS 16H","CONFIRMADO","342,00","","","12","69",""
"27/07","JT - FORTUNATO CNPJ: 54.572.897/0001-57 ","LICOR 43 CHOCOLATE 700ML","1,00","149,83","NORONHA","TERÇA A SEXTA DAS 8H30 AS 16H","CONFIRMADO","149,83","","","1","70",""
"27/07","JT - FORTUNATO CNPJ: 54.572.897/0001-57 ","CEREJA AMARENA","1,00","399,93","FG7 (PERNOD)","TERÇA A SEXTA DAS 8H30 AS 16H","CONFIRMADO","399,93","","","1","71",""
"27/07","JT - FORTUNATO CNPJ: 54.572.897/0001-57 ","APEROL 750 ML","3,00","46,91","MDG (PERNOD)","TERÇA A SEXTA DAS 8H30 AS 16H","CONFIRMADO","140,73","","","3","72",""
"27/07","JT - FORTUNATO CNPJ: 54.572.897/0001-57 ","BACARDI CARTA BLANCA 980 ML","2,00","32,90","SPON","TERÇA A SEXTA DAS 8H30 AS 16H","CONFIRMADO","65,80","","","2","73",""
"27/07","JT - FORTUNATO CNPJ: 54.572.897/0001-57 ","SAKE AZUMA KIRIN SOFT 740 ML","4,00","23,80","NORONHA","TERÇA A SEXTA DAS 8H30 AS 16H","CONFIRMADO","95,20","","","4","74",""
"27/07","JT - FORTUNATO CNPJ: 54.572.897/0001-57 ","SAKE GEKKEIKAN 750 ML","1,00","65,90","GENIUS/OFF/EASY/SKY","TERÇA A SEXTA DAS 8H30 AS 16H","CONFIRMADO","65,90","","","1","75",""
"27/07","JT - FORTUNATO CNPJ: 54.572.897/0001-57 ","CINZANO 1757 1L","2,00","126,41","FG7 (PERNOD)","TERÇA A SEXTA DAS 8H30 AS 16H","CONFIRMADO","252,82","","","2","76",""
"27/07","JT - FORTUNATO CNPJ: 54.572.897/0001-57 ","ABSOLUT 1L","7,00","54,90","SPON","TERÇA A SEXTA DAS 8H30 AS 16H","CONFIRMADO","384,30","","","7","77",""
"27/07","JT - FORTUNATO CNPJ: 54.572.897/0001-57 ","CIROC REDBERRY 750 ML","1,00","189,90","GENIUS/OFF/EASY/SKY","TERÇA A SEXTA DAS 8H30 AS 16H","CONFIRMADO","189,90","","","1","78",""
"27/07","JT - FORTUNATO CNPJ: 54.572.897/0001-57 ","JIM BEAN WHITE 1L","3,00","63,90","GRF","TERÇA A SEXTA DAS 8H30 AS 16H","CONFIRMADO","191,70","","","3","79",""
"27/07","JT - FORTUNATO CNPJ: 54.572.897/0001-57 ","XAROPE FABBRI FRAMBOESA","2,00","69,99","FG7 (PERNOD)","TERÇA A SEXTA DAS 8H30 AS 16H","CONFIRMADO","139,98","","","2","80",""
"27/07","JT - FORTUNATO CNPJ: 54.572.897/0001-57 ","XAROPE TORANJA","2,00","46,60","GENIUS/OFF/EASY/SKY","TERÇA A SEXTA DAS 8H30 AS 16H","CONFIRMADO","93,20","","","2","81",""
"27/07","JT - FORTUNATO CNPJ: 54.572.897/0001-57 ","XAROPE COCO MONIN","1,00","46,60","GENIUS/OFF/EASY/SKY","TERÇA A SEXTA DAS 8H30 AS 16H","CONFIRMADO","46,60","","","1","82",""
"28/07","ESCRITORIO","COCA COLA LATA","12,00","3,49","MALTE","TERÇA A SEXTA DAS 8H30 AS 16H","CONFIRMADO","41,88","","","12","83",""
"28/07","ESCRITORIO","COCA COLA ZERO LATA","36,00","3,59","MALTE","TERÇA A SEXTA DAS 8H30 AS 16H","CONFIRMADO","129,24","","","36","84",""
"28/07","ESCRITORIO","SPRITE","24,00","3,59","MALTE","TERÇA A SEXTA DAS 8H30 AS 16H","CONFIRMADO","86,16","","","24","85",""
"28/07","ESCRITORIO","SPRITE ZERO","24,00","3,69","MALTE","TERÇA A SEXTA DAS 8H30 AS 16H","CONFIRMADO","88,56","","","24","86",""
"28/07","ESCRITORIO","GUARANA ANTARCTICA","12,00","3,09","MALTE","TERÇA A SEXTA DAS 8H30 AS 16H","CONFIRMADO","37,08","","","12","87",""
"28/07","ESCRITORIO","GUARANA ZERO ANTARCTICA","24,00","3,09","MALTE","TERÇA A SEXTA DAS 8H30 AS 16H","CONFIRMADO","74,16","","","24","88",""
"28/07","ESCRITORIO","AGUA MINERAL COM GAS","60,00","1,89","MALTE","TERÇA A SEXTA DAS 8H30 AS 16H","CONFIRMADO","113,40","","","60","89",""
"28/07","ESCRITORIO","H2OH LIMONETO","36,00","4,79","MALTE","TERÇA A SEXTA DAS 8H30 AS 16H","CONFIRMADO","172,44","","","36","90",""
"29/07","ESCRITORIO","CHA FEEL GOOD PITAYA","24,00","5,19","FOOD CENTER ALIMENTOS","TERÇA A SEXTA DAS 8H30 AS 16H","CONFIRMADO","124,56","","","24","91",""
"29/07","ESCRITORIO","CHA YAI FRUTAS VERMELHAS","24,00","4,19","FOOD CENTER ALIMENTOS","TERÇA A SEXTA DAS 8H30 AS 16H","CONFIRMADO","100,56","","","24","92",""
"29/07","ESCRITORIO","CHA YAI JABUTICABA","24,00","4,19","FOOD CENTER ALIMENTOS","TERÇA A SEXTA DAS 8H30 AS 16H","CONFIRMADO","100,56","","","24","93",""
"27/07","JT - FORTUNATO CNPJ: 54.572.897/0001-57 ","HAMBURGUER DE WAGYU 150G CX 3,6KG","15,00","89,00","WESSEL","TERÇA A SEXTA DAS 8H30 AS 16H","CONFIRMADO","1.335,00","","","15","1000",""
"27/07","JT - FORTUNATO CNPJ: 54.572.897/0001-57 ","CARNE SECA ( JERKED BEEF )","22,00","47,96","CORINGA","TERÇA A SEXTA DAS 8H30 AS 16H","CONFIRMADO","1.055,12","","","22","1001",""
"27/07","JT - FORTUNATO CNPJ: 54.572.897/0001-57 ","FRALDA RED PREMIUM","30,00","82,00","MINERVA","TERÇA A SEXTA DAS 8H30 AS 16H","CONFIRMADO","2.460,00","","","30","1002",""
"27/07","JT - FORTUNATO CNPJ: 54.572.897/0001-57 ","BISTECA CORINGA","5,00","17,99","CORINGA","TERÇA A SEXTA DAS 8H30 AS 16H","CONFIRMADO","89,95","","","5","1003",""
"27/07","JT - FORTUNATO CNPJ: 54.572.897/0001-57 ","COSTELA SUINA SALGADA EXTRA","10,00","39,39","CORINGA","TERÇA A SEXTA DAS 8H30 AS 16H","CONFIRMADO","393,90","","","10","1004",""
"27/07","JT - FORTUNATO CNPJ: 54.572.897/0001-57 ","ACEROLA POLPA","20,00","","BABYFRUIT","TERÇA A SEXTA DAS 8H30 AS 16H","CONFIRMADO","0,00","","","20","1005",""
"27/07","JT - FORTUNATO CNPJ: 54.572.897/0001-57 ","COXINHA DE FRANGO","600,00","2,00","LEVI","TERÇA A SEXTA DAS 8H30 AS 16H","CONFIRMADO","1.200,00","","","600","1006",""
"27/07","JT - FORTUNATO CNPJ: 54.572.897/0001-57 ","MANDIOCA CONGELADA SUPREME","10,00","","SEARA","TERÇA A SEXTA DAS 8H30 AS 16H","CONFIRMADO","0,00","","","10","1007",""
"27/07","JT - FORTUNATO CNPJ: 54.572.897/0001-57 ","LINGUICA CALABRESA FINA","3,00","46,00","BIAGIO","TERÇA A SEXTA DAS 8H30 AS 16H","CONFIRMADO","138,00","","","3","1008",""
"27/07","JT - FORTUNATO CNPJ: 54.572.897/0001-57 ","LINGUICA FINA QUEIJO E OREGANO 400G","3,00","50,00","BIAGIO","TERÇA A SEXTA DAS 8H30 AS 16H","CONFIRMADO","150,00","","","3","1009",""
"27/07","JT - FORTUNATO CNPJ: 54.572.897/0001-57 ","QUEIJO MUSSARELA DE BUFALA CAPRESE","24,00","62,00","LEVITARE","TERÇA A SEXTA DAS 8H30 AS 16H","CONFIRMADO","1.488,00","","","24","1010",""
"27/07","JT - FORTUNATO CNPJ: 54.572.897/0001-57 ","MASSA DE PASTEL","30,00","13,90","FAVORITA","TERÇA A SEXTA DAS 8H30 AS 16H","CONFIRMADO","417,00","","","30","1011",""
"27/07","JT - FORTUNATO CNPJ: 54.572.897/0001-57 ","FUMACA LIQUIDA BOMBAY","1,00","","SANTA VITA","TERÇA A SEXTA DAS 8H30 AS 16H","CONFIRMADO","0,00","","","1","1012",""
"27/07","JT - FORTUNATO CNPJ: 54.572.897/0001-57 ","PAO DE HAMBURGUER","30,00","2,75","BELLNAY","TERÇA A SEXTA DAS 8H30 AS 16H","CONFIRMADO","82,50","","","30","1013",""
"27/07","JT - FORTUNATO CNPJ: 54.572.897/0001-57 ","POLPA ABACAXI","20,00","","BABYFRUIT","TERÇA A SEXTA DAS 8H30 AS 16H","CONFIRMADO","0,00","","","20","1014",""
"27/07","JT - FORTUNATO CNPJ: 54.572.897/0001-57 ","POLPA FRUTAS VERMELHAS","40,00","","BABYFRUIT","TERÇA A SEXTA DAS 8H30 AS 16H","CONFIRMADO","0,00","","","40","1015",""
"27/07","JT - FORTUNATO CNPJ: 54.572.897/0001-57 ","POLPA MORANGO","20,00","","BABYFRUIT","TERÇA A SEXTA DAS 8H30 AS 16H","CONFIRMADO","0,00","","","20","1016",""
"27/07","MF - BETSY CNPJ: 43.672.862/0001-73 ","BOMBOM DE ALCATRA","20,00","62,00","MINERVA","TERÇA E QUARTA DAS 7H30 AS 11H30","CONFIRMADO","1.240,00","","","20","1017",""
"27/07","MF - BETSY CNPJ: 43.672.862/0001-73 ","COSTELA GAÚCHA","35,00","","EMPORIO TUIUTI","TERÇA E QUARTA DAS 7H30 AS 11H30","CONFIRMADO","0,00","","","35","1018",""
"27/07","MF - BETSY CNPJ: 43.672.862/0001-73 ","MOCOTO BOVINO","5,00","19,90","ROYALMEAT","TERÇA E QUARTA DAS 7H30 AS 11H30","CONFIRMADO","99,50","","","5","1019",""
"27/07","MF - BETSY CNPJ: 43.672.862/0001-73 ","OSSO COM TUTANO","5,00","13,90","ROYALMEAT","TERÇA E QUARTA DAS 7H30 AS 11H30","CONFIRMADO","69,50","","","5","1020",""
"27/07","MF - BETSY CNPJ: 43.672.862/0001-73 ","PRESUNTO PARMA PEÇA 7KG","1,00","","CASA FLORA","TERÇA E QUARTA DAS 7H30 AS 11H30","CONFIRMADO","0,00","","","1","1021",""
"27/07","MF - BETSY CNPJ: 43.672.862/0001-73 ","MARACUJA POLPA","15,00","","BABYFRUIT","TERÇA E QUARTA DAS 7H30 AS 11H30","CONFIRMADO","0,00","","","15","1022",""
"27/07","MF - BETSY CNPJ: 43.672.862/0001-73 ","GNOCCHI MANDIOQUINHA","20,00","31,99","ER MASSA","TERÇA E QUARTA DAS 7H30 AS 11H30","CONFIRMADO","639,80","","","20","1023",""
"27/07","MF - BETSY CNPJ: 43.672.862/0001-73 ","MASSA DE PASTEL","10,00","13,90","FAVORITA","TERÇA E QUARTA DAS 7H30 AS 11H30","CONFIRMADO","139,00","","","10","1024",""
"27/07","MF - BETSY CNPJ: 43.672.862/0001-73 ","AZEITE TRUFADO 250ML","3,00","64,90","EMPORIO TARTUFI","TERÇA E QUARTA DAS 7H30 AS 11H30","CONFIRMADO","194,70","","","3","1025",""
"27/07","MF - BETSY CNPJ: 43.672.862/0001-73 ","SALSA TRUFADA","2,00","150,00","EMPORIO TARTUFI","TERÇA E QUARTA DAS 7H30 AS 11H30","CONFIRMADO","300,00","","","2","1026",""
"27/07","MF - BETSY CNPJ: 43.672.862/0001-73 ","CHANTILLY NORCAU 1L","6,00","","SANTA VITA","TERÇA E QUARTA DAS 7H30 AS 11H30","CONFIRMADO","0,00","","","6","1027",""
"27/07","MF - BETSY CNPJ: 43.672.862/0001-73 ","CHURROS CORACAO PC 18UN","12,00","","CHUCRE","TERÇA E QUARTA DAS 7H30 AS 11H30","CONFIRMADO","0,00","","","12","1028",""
"27/07","MF - BETSY CNPJ: 43.672.862/0001-73 ","MARSHMALLOW BRANCO","8,00","","SANTA VITA","TERÇA E QUARTA DAS 7H30 AS 11H30","CONFIRMADO","0,00","","","8","1029",""
"27/07","MF - BETSY CNPJ: 43.672.862/0001-73 ","SUSPIRO","2,00","","SANTA VITA","TERÇA E QUARTA DAS 7H30 AS 11H30","CONFIRMADO","0,00","","","2","1030",""
"27/07","MF - BETSY CNPJ: 43.672.862/0001-73 ","VELA VULCÃO","1,00","","SANTA VITA","TERÇA E QUARTA DAS 7H30 AS 11H30","CONFIRMADO","0,00","","","1","1031",""
"27/07","MF - BETSY CNPJ: 43.672.862/0001-73 ","BAGUETE TRADICIONAL FABRIQUE","15,00","","FABRIQUE","TERÇA E QUARTA DAS 7H30 AS 11H30","CONFIRMADO","0,00","","","15","1032",""
"27/07","MF - BETSY CNPJ: 43.672.862/0001-73 ","PAO BRIOCHE FORMA BELLLNAY UN","8,00","25,00","BELLNAY","TERÇA E QUARTA DAS 7H30 AS 11H30","CONFIRMADO","200,00","","","8","1033",""
"27/07","MF - BETSY CNPJ: 43.672.862/0001-73 ","PAO MINI HAMBURGUER","500,00","1,50","BELLNAY","TERÇA E QUARTA DAS 7H30 AS 11H30","CONFIRMADO","750,00","","","500","1034",""
"27/07","MF - BETSY CNPJ: 43.672.862/0001-73 ","CAMARAO CINZA - DESCASCADO E EVISCERADO - 80/100","12,00","","PEIXE GOURMET","TERÇA E QUARTA DAS 7H30 AS 11H30","CONFIRMADO","0,00","","","12","1035",""
"27/07","MF - BETSY CNPJ: 43.672.862/0001-73 ","LULA P BABY","5,00","","KHADUN","TERÇA E QUARTA DAS 7H30 AS 11H30","CONFIRMADO","0,00","","","5","1036",""
"27/07","MF - BETSY CNPJ: 43.672.862/0001-73 ","GELATO DE COOKIES AND CREAM 5L","4,00","","ITALIAN","TERÇA E QUARTA DAS 7H30 AS 11H30","CONFIRMADO","0,00","","","4","1037",""
"27/07","MF - BETSY CNPJ: 43.672.862/0001-73 ","GELATO DE CREME 5L","2,00","","ITALIAN","TERÇA E QUARTA DAS 7H30 AS 11H30","CONFIRMADO","0,00","","","2","1038",""
"27/07","MF - BETSY CNPJ: 43.672.862/0001-73 ","SUCO DE UVA BRANCO","2,00","","SANTA VITA","TERÇA E QUARTA DAS 7H30 AS 11H30","CONFIRMADO","0,00","","","2","1039",""
"27/07","VMB - OLIVIO CNPJ: 27.350.242/0001-61","GNOCCHI MANDIOQUINHA","5,00","31,99","ER MASSA","TERÇA A SEXTA DAS 10H00 AS 17H","CONFIRMADO","159,95","","","5","1040",""
"27/07","VMB - OLIVIO CNPJ: 27.350.242/0001-61","MASSA DE PASTEL","5,00","","FAVORITA","TERÇA A SEXTA DAS 10H00 AS 17H","CONFIRMADO","0,00","","","5","1041",""
"27/07","VMB - OLIVIO CNPJ: 27.350.242/0001-61","PAO DE HAMBURGUER","18,00","2,75","BELLNAY","TERÇA A SEXTA DAS 10H00 AS 17H","CONFIRMADO","49,50","","","","1042",""
"27/07","VMB - OLIVIO CNPJ: 27.350.242/0001-61","PAO MINI HAMBURGUER","120,00","1,50","BELLNAY","TERÇA A SEXTA DAS 10H00 AS 17H","CONFIRMADO","180,00","","","","1043",""
"27/07","VMB - OLIVIO CNPJ: 27.350.242/0001-61","PESCADA AMARELA KG","10,00","","FRESCATO","TERÇA A SEXTA DAS 10H00 AS 17H","CONFIRMADO","0,00","","","10","1044",""
"27/07","VMB - OLIVIO CNPJ: 27.350.242/0001-61","GELATO DE CREME 5L","6,00","","ITALIAN","TERÇA A SEXTA DAS 10H00 AS 17H","CONFIRMADO","0,00","","","6","1045",""
"27/07","JT - FORTUNATO CNPJ: 54.572.897/0001-57 ","COXA C/ SOBRECOXA FRANGO","20,00","7,47","MEGA G","TERÇA A SEXTA DAS 8H30 AS 16H","CONFIRMADO","149,40","","","20","1046",""
"27/07","JT - FORTUNATO CNPJ: 54.572.897/0001-57 ","COXINHA ASA FRANGO","20,00","10,99","MULTIFOODS","TERÇA A SEXTA DAS 8H30 AS 16H","CONFIRMADO","219,80","","","20","1047",""
"27/07","JT - FORTUNATO CNPJ: 54.572.897/0001-57 ","FILE FRANGO","30,00","14,77","MEGA G","TERÇA A SEXTA DAS 8H30 AS 16H","CONFIRMADO","443,10","","","30","1048",""
"27/07","JT - FORTUNATO CNPJ: 54.572.897/0001-57 ","COXAO MOLE","20,00","36,29","MULTIFOODS","TERÇA A SEXTA DAS 8H30 AS 16H","CONFIRMADO","725,80","","","20","1049",""
"27/07","JT - FORTUNATO CNPJ: 54.572.897/0001-57 ","FILE MIGNON EXTRA LIMPO","50,00","84,99","MULTIFOODS","TERÇA A SEXTA DAS 8H30 AS 16H","CONFIRMADO","4.249,50","","","50","1050",""
"27/07","JT - FORTUNATO CNPJ: 54.572.897/0001-57 ","PICANHA PREMIUM","20,00","88,99","MULTIFOODS","TERÇA A SEXTA DAS 8H30 AS 16H","CONFIRMADO","1.779,80","","","20","1051",""
"27/07","JT - FORTUNATO CNPJ: 54.572.897/0001-57 ","BATATA CANOA CONGELADA MCCAIN","75,00","21,24","MEGA G","TERÇA A SEXTA DAS 8H30 AS 16H","CONFIRMADO","1.593,00","","","75","1052",""
"27/07","JT - FORTUNATO CNPJ: 54.572.897/0001-57 ","LINGUICA TOSCANA AURORA","5,00","17,06","MEGA G","TERÇA A SEXTA DAS 8H30 AS 16H","CONFIRMADO","85,30","","","5","1053",""
"27/07","JT - FORTUNATO CNPJ: 54.572.897/0001-57 ","LEITE INTEGRAL UHT 1L","48,00","5,59","KINGFOOD","TERÇA A SEXTA DAS 8H30 AS 16H","CONFIRMADO","268,32","","","48","1054",""
"27/07","JT - FORTUNATO CNPJ: 54.572.897/0001-57 ","MANTEIGA SEM SAL BLOCO 5KG","10,00","33,67","MEGA G","TERÇA A SEXTA DAS 8H30 AS 16H","CONFIRMADO","336,70","","","10","1055",""
"27/07","JT - FORTUNATO CNPJ: 54.572.897/0001-57 ","QUEIJO BRIE QUATA","5,00","56,99","MULTIFOODS","TERÇA A SEXTA DAS 8H30 AS 16H","CONFIRMADO","424,95","","","5","1056",""
"27/07","JT - FORTUNATO CNPJ: 54.572.897/0001-57 ","QUEIJO GORGONZOLA QUATA","6,00","57,49","MULTIFOODS","TERÇA A SEXTA DAS 8H30 AS 16H","CONFIRMADO","344,94","","","6","1057",""
"27/07","JT - FORTUNATO CNPJ: 54.572.897/0001-57 ","QUEIJO MUSSARELA SCALA","12,00","47,37","MEGA G","TERÇA A SEXTA DAS 8H30 AS 16H","CONFIRMADO","568,44","","","12","1058",""
"27/07","JT - FORTUNATO CNPJ: 54.572.897/0001-57 ","QUEIJO PARMESAO TIROLEZ KG","6,00","75,92","MEGA G","TERÇA A SEXTA DAS 8H30 AS 16H","CONFIRMADO","455,52","","","6","1059",""
"27/07","JT - FORTUNATO CNPJ: 54.572.897/0001-57 ","REQUEIJAO BISNAGA SCALA 1,5","10,00","43,49","MULTIFOODS","TERÇA A SEXTA DAS 8H30 AS 16H","CONFIRMADO","434,90","","","10","1060",""
"27/07","JT - FORTUNATO CNPJ: 54.572.897/0001-57 ","ACUCAR REFINADO","20,00","2,59","KINGFOOD","TERÇA A SEXTA DAS 8H30 AS 16H","CONFIRMADO","51,80","","","20","1061",""
"27/07","JT - FORTUNATO CNPJ: 54.572.897/0001-57 ","ALCAPARRAS BALDE 2KG","2,00","77,87","KINGFOOD","TERÇA A SEXTA DAS 8H30 AS 16H","CONFIRMADO","155,74","","","2","1062",""
"27/07","JT - FORTUNATO CNPJ: 54.572.897/0001-57 ","ARROZ ARBORIO CAMIL KG","10,00","14,42","KINGFOOD","TERÇA A SEXTA DAS 8H30 AS 16H","CONFIRMADO","144,20","","","10","1063",""
"27/07","JT - FORTUNATO CNPJ: 54.572.897/0001-57 ","ARROZ TIPO1 5 KG CAMIL","25,00","4,29","DTK","TERÇA A SEXTA DAS 8H30 AS 16H","CONFIRMADO","107,25","","","25","1064",""
"27/07","JT - FORTUNATO CNPJ: 54.572.897/0001-57 ","BATATA PALHA YOKI","10,00","8,25","MEGA G","TERÇA A SEXTA DAS 8H30 AS 16H","CONFIRMADO","82,50","","","10","1065",""
"27/07","JT - FORTUNATO CNPJ: 54.572.897/0001-57 ","CATCHUP HEINZ 397G","16,00","10,99","DTK","TERÇA A SEXTA DAS 8H30 AS 16H","CONFIRMADO","175,84","","","16","1066",""
"27/07","JT - FORTUNATO CNPJ: 54.572.897/0001-57 ","FARINHA DE MANDIOCA FINA KG","10,00","4,92","KINGFOOD","TERÇA A SEXTA DAS 8H30 AS 16H","CONFIRMADO","49,20","","","10","1067",""
"27/07","JT - FORTUNATO CNPJ: 54.572.897/0001-57 ","FARINHA DE TRIGO PREMIUM ANACONDA","20,00","5,19","KINGFOOD","TERÇA A SEXTA DAS 8H30 AS 16H","CONFIRMADO","103,80","","","20","1068",""
"27/07","JT - FORTUNATO CNPJ: 54.572.897/0001-57 ","MACARRAO SPAGHETTONI N7 BARILLA","20,00","9,54","DTK","TERÇA A SEXTA DAS 8H30 AS 16H","CONFIRMADO","190,80","","","20","1069",""
"27/07","JT - FORTUNATO CNPJ: 54.572.897/0001-57 ","MEL ISIS POTE 1KG","2,00","36,88","KINGFOOD","TERÇA A SEXTA DAS 8H30 AS 16H","CONFIRMADO","73,76","","","2","1070",""
"27/07","JT - FORTUNATO CNPJ: 54.572.897/0001-57 ","MOSTARDA GALAO CEPERA","1,00","23,99","DTK","TERÇA A SEXTA DAS 8H30 AS 16H","CONFIRMADO","23,99","","","1","1071",""
"27/07","JT - FORTUNATO CNPJ: 54.572.897/0001-57 ","OLEO DE ALGODAO BLD 15L LIZA","2,00","195,00","AVELINOS","TERÇA A SEXTA DAS 8H30 AS 16H","CONFIRMADO","390,00","","","2","1072",""
"27/07","JT - FORTUNATO CNPJ: 54.572.897/0001-57 ","OLEO DE SOJA 900ML","16,00","6,98","KINGFOOD","TERÇA A SEXTA DAS 8H30 AS 16H","CONFIRMADO","111,68","","","16","1073",""
"27/07","JT - FORTUNATO CNPJ: 54.572.897/0001-57 ","PEPINO EM CONSERVA BLD 2KG","2,00","28,99","MULTIFOODS","TERÇA A SEXTA DAS 8H30 AS 16H","CONFIRMADO","57,98","","","2","1074",""
"27/07","JT - FORTUNATO CNPJ: 54.572.897/0001-57 ","TOMATE PELADO ITALIANO 2,5KG","30,00","32,90","MEGA G","TERÇA A SEXTA DAS 8H30 AS 16H","CONFIRMADO","987,00","","","30","1075",""
"27/07","JT - FORTUNATO CNPJ: 54.572.897/0001-57 ","CHOCOLATE AO LEITE BARRA 2,1","2,00","134,77","MEGA G","TERÇA A SEXTA DAS 8H30 AS 16H","CONFIRMADO","269,54","","","2","1076",""
"27/07","JT - FORTUNATO CNPJ: 54.572.897/0001-57 ","SAINT PETER CONGELADO","30,00","55,29","MEGA G","TERÇA A SEXTA DAS 8H30 AS 16H","CONFIRMADO","1.658,70","","","30","1077",""
"27/07","MF - BETSY CNPJ: 43.672.862/0001-73 ","FERMENTO EM PO QUIMICO 100G","6,00","2,78","AVELINOS","TERÇA E QUARTA DAS 7H30 AS 11H30","CONFIRMADO","16,68","","","6","1078",""
"27/07","MF - BETSY CNPJ: 43.672.862/0001-73 ","POLENTINA QUAKER 500G","1,50","4,83","AVELINOS","TERÇA E QUARTA DAS 7H30 AS 11H30","CONFIRMADO","7,25","","","2","1079",""
"27/07","MF - BETSY CNPJ: 43.672.862/0001-73 ","COXA C/ SOBRECOXA FRANGO","40,00","7,47","MEGA G","TERÇA E QUARTA DAS 7H30 AS 11H30","CONFIRMADO","298,80","","","40","1080",""
"27/07","MF - BETSY CNPJ: 43.672.862/0001-73 ","FILE FRANGO","10,00","14,77","MEGA G","TERÇA E QUARTA DAS 7H30 AS 11H30","CONFIRMADO","147,70","","","10","1081",""
"27/07","MF - BETSY CNPJ: 43.672.862/0001-73 ","COXAO MOLE FUNCIONARIOS KG","10,00","36,29","MULTIFOODS","TERÇA E QUARTA DAS 7H30 AS 11H30","CONFIRMADO","362,90","","","10","1082",""
"27/07","MF - BETSY CNPJ: 43.672.862/0001-73 ","FILE MIGNON RESFRIADO 5UP","70,00","84,99","MULTIFOODS","TERÇA E QUARTA DAS 7H30 AS 11H30","CONFIRMADO","5.949,30","","","70","1083",""
"27/07","MF - BETSY CNPJ: 43.672.862/0001-73 ","BATATA PALITO 7MM MCCAIN SURECRSIP","60,00","15,69","MEGA G","TERÇA E QUARTA DAS 7H30 AS 11H30","CONFIRMADO","941,40","","","60","1084",""
"27/07","MF - BETSY CNPJ: 43.672.862/0001-73 ","LINGUICA TOSCANA AURORA","5,00","17,06","MEGA G","TERÇA E QUARTA DAS 7H30 AS 11H30","CONFIRMADO","85,30","","","5","1085",""
"27/07","MF - BETSY CNPJ: 43.672.862/0001-73 ","CHEDDAR BISNAGA SCALA 1,5","1,00","52,99","MULTIFOODS","TERÇA E QUARTA DAS 7H30 AS 11H30","CONFIRMADO","52,99","","","1","1086",""
"27/07","MF - BETSY CNPJ: 43.672.862/0001-73 ","CHEDDAR PROCESSADO JAMMY","2,00","35,29","MULTIFOODS","TERÇA E QUARTA DAS 7H30 AS 11H30","CONFIRMADO","70,58","","","2","1087",""
"27/07","MF - BETSY CNPJ: 43.672.862/0001-73 ","CREME DE LEITE 200GR 17%","48,00","4,89","AVELINOS","TERÇA E QUARTA DAS 7H30 AS 11H30","CONFIRMADO","234,72","","","48","1088",""
"27/07","MF - BETSY CNPJ: 43.672.862/0001-73 ","GEMA OVO PASTEURIZADA","2,00","38,90","AVELINOS","TERÇA E QUARTA DAS 7H30 AS 11H30","CONFIRMADO","77,80","","","2","1089",""
"27/07","MF - BETSY CNPJ: 43.672.862/0001-73 ","LEITE INTEGRAL UHT 1L","36,00","5,59","KINGFOOD","TERÇA E QUARTA DAS 7H30 AS 11H30","CONFIRMADO","201,24","","","36","1090",""
"27/07","MF - BETSY CNPJ: 43.672.862/0001-73 ","MANTEIGA SEM SAL BLOCO 5KG","15,00","33,67","MEGA G","TERÇA E QUARTA DAS 7H30 AS 11H30","CONFIRMADO","505,05","","","15","1091",""
"27/07","MF - BETSY CNPJ: 43.672.862/0001-73 ","QUEIJO BRIE QUATA","2,00","56,99","MULTIFOODS","TERÇA E QUARTA DAS 7H30 AS 11H30","CONFIRMADO","113,98","","","2","1092",""
"27/07","MF - BETSY CNPJ: 43.672.862/0001-73 ","QUEIJO GORGONZOLA QUATA","3,50","57,49","MULTIFOODS","TERÇA E QUARTA DAS 7H30 AS 11H30","CONFIRMADO","201,22","","","4","1093",""
"27/07","MF - BETSY CNPJ: 43.672.862/0001-73 ","QUEIJO MEIA CURA KG","2,00","85,18","MEGA G","TERÇA E QUARTA DAS 7H30 AS 11H30","CONFIRMADO","170,36","","","2","1094",""
"27/07","MF - BETSY CNPJ: 43.672.862/0001-73 ","QUEIJO MUSSARELA SCALA","3,50","47,37","MEGA G","TERÇA E QUARTA DAS 7H30 AS 11H30","CONFIRMADO","165,80","","","4","1095",""
"27/07","MF - BETSY CNPJ: 43.672.862/0001-73 ","QUEIJO PARMESAO TIROLEZ KG","6,00","75,92","MEGA G","TERÇA E QUARTA DAS 7H30 AS 11H30","CONFIRMADO","455,52","","","6","1096",""
"27/07","MF - BETSY CNPJ: 43.672.862/0001-73 ","REQUEIJAO BISNAGA SCALA 1,5","2,00","43,49","MULTIFOODS","TERÇA E QUARTA DAS 7H30 AS 11H30","CONFIRMADO","86,98","","","2","1097",""
"27/07","MF - BETSY CNPJ: 43.672.862/0001-73 ","ACETO BALSAMICO 500ML","18,00","12,90","AVELINOS","TERÇA E QUARTA DAS 7H30 AS 11H30","CONFIRMADO","232,20","","","18","1098",""
"27/07","MF - BETSY CNPJ: 43.672.862/0001-73 ","ACUCAR REFINADO","30,00","2,59","KINGFOOD","TERÇA E QUARTA DAS 7H30 AS 11H30","CONFIRMADO","77,70","","","30","1099",""
"27/07","MF - BETSY CNPJ: 43.672.862/0001-73 ","AMIDO DE MILHO EM PO","1,00","5,47","DTK","TERÇA E QUARTA DAS 7H30 AS 11H30","CONFIRMADO","5,47","","","1","1100",""
"27/07","MF - BETSY CNPJ: 43.672.862/0001-73 ","ANEL DE CEBOLA CONGELADO KG","6,00","16,69","MULTIFOODS","TERÇA E QUARTA DAS 7H30 AS 11H30","CONFIRMADO","100,14","","","6","1101",""
"27/07","MF - BETSY CNPJ: 43.672.862/0001-73 ","ARROZ ARBORIO CAMIL KG","10,00","14,42","KINGFOOD","TERÇA E QUARTA DAS 7H30 AS 11H30","CONFIRMADO","144,20","","","10","1102",""
"27/07","MF - BETSY CNPJ: 43.672.862/0001-73 ","ARROZ TIPO1 5 KG CAMIL","20,00","4,29","DTK","TERÇA E QUARTA DAS 7H30 AS 11H30","CONFIRMADO","85,80","","","20","1103",""
"27/07","MF - BETSY CNPJ: 43.672.862/0001-73 ","AZEITE EXTRA VIRGEM 5L GALLO","2,00","252,99","MULTIFOODS","TERÇA E QUARTA DAS 7H30 AS 11H30","CONFIRMADO","505,98","","","2","1104",""
"27/07","MF - BETSY CNPJ: 43.672.862/0001-73 ","CASTANHA DO PARA","1,00","73,52","KINGFOOD","TERÇA E QUARTA DAS 7H30 AS 11H30","CONFIRMADO","73,52","","","1","1105",""
"27/07","MF - BETSY CNPJ: 43.672.862/0001-73 ","CATCHUP HEINZ 397G","12,00","10,99","DTK","TERÇA E QUARTA DAS 7H30 AS 11H30","CONFIRMADO","131,88","","","12","1106",""
"27/07","MF - BETSY CNPJ: 43.672.862/0001-73 ","ESPAGUETE GRANO DURO BARONIA N5","8,00","6,29","AVELINOS","TERÇA E QUARTA DAS 7H30 AS 11H30","CONFIRMADO","50,32","","","8","1107",""
"27/07","MF - BETSY CNPJ: 43.672.862/0001-73 ","FARINHA DE MANDIOCA FINA KG","4,00","4,92","KINGFOOD","TERÇA E QUARTA DAS 7H30 AS 11H30","CONFIRMADO","19,68","","","4","1108",""
"27/07","MF - BETSY CNPJ: 43.672.862/0001-73 ","FARINHA DE TRIGO PREMIUM ANACONDA","20,00","5,19","KINGFOOD","TERÇA E QUARTA DAS 7H30 AS 11H30","CONFIRMADO","103,80","","","20","1109",""
"27/07","MF - BETSY CNPJ: 43.672.862/0001-73 ","FARINHA PANKO ALFA KG","10,00","16,32","DTK","TERÇA E QUARTA DAS 7H30 AS 11H30","CONFIRMADO","163,20","","","","1110",""
"27/07","MF - BETSY CNPJ: 43.672.862/0001-73 ","FEIJAO CARIOCA CAMIL 1KG","4,00","9,29","KINGFOOD","TERÇA E QUARTA DAS 7H30 AS 11H30","CONFIRMADO","37,16","","","4","1111",""
"27/07","MF - BETSY CNPJ: 43.672.862/0001-73 ","GERGELIM BRANCO","1,00","16,62","KINGFOOD","TERÇA E QUARTA DAS 7H30 AS 11H30","CONFIRMADO","16,62","","","1","1112",""
"27/07","MF - BETSY CNPJ: 43.672.862/0001-73 ","GERGELIM PRETO","1,00","31,00","KINGFOOD","TERÇA E QUARTA DAS 7H30 AS 11H30","CONFIRMADO","31,00","","","1","1113",""
"27/07","MF - BETSY CNPJ: 43.672.862/0001-73 ","GORDURA VEGETAL COAMO 15,8L","3,00","158,99","MULTIFOODS","TERÇA E QUARTA DAS 7H30 AS 11H30","CONFIRMADO","476,97","","","3","1114",""
"27/07","MF - BETSY CNPJ: 43.672.862/0001-73 ","MACARRAO RIGATONE BARILLA","4,00","10,24","DTK","TERÇA E QUARTA DAS 7H30 AS 11H30","CONFIRMADO","40,96","","","4","1115",""
"27/07","MF - BETSY CNPJ: 43.672.862/0001-73 ","MEL ISIS POTE 1KG","2,00","36,88","KINGFOOD","TERÇA E QUARTA DAS 7H30 AS 11H30","CONFIRMADO","73,76","","","2","1116",""
"27/07","MF - BETSY CNPJ: 43.672.862/0001-73 ","MOSTARDA A LANCIENNE MAILLE 1kg","1,00","62,70","KINGFOOD","TERÇA E QUARTA DAS 7H30 AS 11H30","CONFIRMADO","62,70","","","1","1117",""
"27/07","MF - BETSY CNPJ: 43.672.862/0001-73 ","MOSTARDA DIJON MAILLE 865G","2,00","69,90","KINGFOOD","TERÇA E QUARTA DAS 7H30 AS 11H30","CONFIRMADO","139,80","","","2","1118",""
"27/07","MF - BETSY CNPJ: 43.672.862/0001-73 ","MOSTARDA GALAO CEPERA","1,00","23,99","DTK","TERÇA E QUARTA DAS 7H30 AS 11H30","CONFIRMADO","23,99","","","1","1119",""
"27/07","MF - BETSY CNPJ: 43.672.862/0001-73 ","OLEO DE SOJA 900ML","20,00","6,98","KINGFOOD","TERÇA E QUARTA DAS 7H30 AS 11H30","CONFIRMADO","139,60","","","20","1120",""
"27/07","MF - BETSY CNPJ: 43.672.862/0001-73 ","TOMATE PELADO INTEIRO OLE 2,5KG","15,00","29,99","MEGA G","TERÇA E QUARTA DAS 7H30 AS 11H30","CONFIRMADO","449,85","","","15","1121",""
"27/07","MF - BETSY CNPJ: 43.672.862/0001-73 ","CACAU EM PO SICAO100% 500G","2,00","45,80","DTK","TERÇA E QUARTA DAS 7H30 AS 11H30","CONFIRMADO","91,60","","","2","1122",""
"27/07","MF - BETSY CNPJ: 43.672.862/0001-73 ","CHOCOLATE AO LEITE BARRA 2,1","3,00","134,77","MEGA G","TERÇA E QUARTA DAS 7H30 AS 11H30","CONFIRMADO","404,31","","","3","1123",""
"27/07","MF - BETSY CNPJ: 43.672.862/0001-73 ","CHOCOLATE BRANCO BARRA 2,1","3,00","180,95","MEGA G","TERÇA E QUARTA DAS 7H30 AS 11H30","CONFIRMADO","542,85","","","3","1124",""
"27/07","MF - BETSY CNPJ: 43.672.862/0001-73 ","CHOCOLATE MEIO AMARGO BARRA 2,1","3,00","153,01","MEGA G","TERÇA E QUARTA DAS 7H30 AS 11H30","CONFIRMADO","459,03","","","3","1125",""
"27/07","MF - BETSY CNPJ: 43.672.862/0001-73 ","COCO RALADO SEM ACUCAR  KG","1,00","19,75","KINGFOOD","TERÇA E QUARTA DAS 7H30 AS 11H30","CONFIRMADO","19,75","","","1","1126",""
"27/07","MF - BETSY CNPJ: 43.672.862/0001-73 ","CREME CROCANTE OVOMALTINE BISNAGA 900G","3,00","58,83","MEGA G","TERÇA E QUARTA DAS 7H30 AS 11H30","CONFIRMADO","176,49","","","3","1127",""
"27/07","MF - BETSY CNPJ: 43.672.862/0001-73 ","DOCE DE LEITE 400G LA SERENISSIMA","12,00","14,20","DTK","TERÇA E QUARTA DAS 7H30 AS 11H30","CONFIRMADO","170,40","","","12","1128",""
"27/07","MF - BETSY CNPJ: 43.672.862/0001-73 ","LEITE CONDENSADO 2,6KG (MOÇA)","5,00","69,99","KINGFOOD","TERÇA E QUARTA DAS 7H30 AS 11H30","CONFIRMADO","349,95","","","5","1129",""
"27/07","MF - BETSY CNPJ: 43.672.862/0001-73 ","NEGRESCO TRITURADO","12,00","43,85","DTK","TERÇA E QUARTA DAS 7H30 AS 11H30","CONFIRMADO","526,20","","","12","1130",""
"27/07","MF - BETSY CNPJ: 43.672.862/0001-73 ","NOZES SEM CASCA 1KG","1,00","49,98","KINGFOOD","TERÇA E QUARTA DAS 7H30 AS 11H30","CONFIRMADO","49,98","","","1","1131",""
"27/07","MF - BETSY CNPJ: 43.672.862/0001-73 ","NUTELLA POTE 3KG","2,00","187,25","AVELINOS","TERÇA E QUARTA DAS 7H30 AS 11H30","CONFIRMADO","374,50","","","2","1132",""
"27/07","MF - BETSY CNPJ: 43.672.862/0001-73 ","OVOMALTINE FLOCOS","3,00","38,05","MEGA G","TERÇA E QUARTA DAS 7H30 AS 11H30","CONFIRMADO","114,15","","","","1133",""
"27/07","MF - BETSY CNPJ: 43.672.862/0001-73 ","CHIFERI ELBOWS 500G","3,00","10,89","DTK","TERÇA E QUARTA DAS 7H30 AS 11H30","CONFIRMADO","32,67","","","3","1134",""
"27/07","MF - BETSY CNPJ: 43.672.862/0001-73 ","PAO DE FORMA P FUNCIONARIOS","10,00","5,99","AVELINOS","TERÇA E QUARTA DAS 7H30 AS 11H30","CONFIRMADO","59,90","","","10","1135",""
"27/07","MF - BETSY CNPJ: 43.672.862/0001-73 ","SUCO CONCENTRADO MANGA MAGUARY 500ML","12,00","5,99","KINGFOOD","TERÇA E QUARTA DAS 7H30 AS 11H30","CONFIRMADO","71,88","","","12","1136",""
"27/07","VMB - OLIVIO CNPJ: 27.350.242/0001-61","FILE MIGNON RESFRIADO 5UP","15,00","84,99","MULTIFOODS","TERÇA A SEXTA DAS 10H00 AS 17H","CONFIRMADO","1.274,85","","","15","1137",""
"27/07","VMB - OLIVIO CNPJ: 27.350.242/0001-61","CHEDDAR PROCESSADO JAMMY","2,00","35,29","MULTIFOODS","TERÇA A SEXTA DAS 10H00 AS 17H","CONFIRMADO","70,58","","","2","1138",""
"27/07","VMB - OLIVIO CNPJ: 27.350.242/0001-61","IOGURTE NATURAL COPO 150G","12,00","3,30","AVELINOS","TERÇA A SEXTA DAS 10H00 AS 17H","CONFIRMADO","39,60","","","12","1139",""
"27/07","VMB - OLIVIO CNPJ: 27.350.242/0001-61","LEITE INTEGRAL UHT 1L","12,00","5,59","KINGFOOD","TERÇA A SEXTA DAS 10H00 AS 17H","CONFIRMADO","67,08","","","12","1140",""
"27/07","VMB - OLIVIO CNPJ: 27.350.242/0001-61","QUEIJO GORGONZOLA QUATA","3,00","57,49","MULTIFOODS","TERÇA A SEXTA DAS 10H00 AS 17H","CONFIRMADO","172,47","","","3","1141",""
"27/07","VMB - OLIVIO CNPJ: 27.350.242/0001-61","QUEIJO MUSSARELA SCALA","4,00","47,37","MEGA G","TERÇA A SEXTA DAS 10H00 AS 17H","CONFIRMADO","189,48","","","4","1142",""
"27/07","VMB - OLIVIO CNPJ: 27.350.242/0001-61","QUEIJO PARMESAO TIROLEZ KG","5,00","75,92","MEGA G","TERÇA A SEXTA DAS 10H00 AS 17H","CONFIRMADO","379,60","","","5","1143",""
"27/07","VMB - OLIVIO CNPJ: 27.350.242/0001-61","QUEIJO PRATO SCALA","3,50","52,57","MEGA G","TERÇA A SEXTA DAS 10H00 AS 17H","CONFIRMADO","184,00","","","4","1144",""
"27/07","VMB - OLIVIO CNPJ: 27.350.242/0001-61","REQUEIJAO BISNAGA SCALA 1,5","2,00","43,49","MULTIFOODS","TERÇA A SEXTA DAS 10H00 AS 17H","CONFIRMADO","86,98","","","2","1145",""
"27/07","VMB - OLIVIO CNPJ: 27.350.242/0001-61","MASSA FOLHADA KG","2,00","35,40","AVELINOS","TERÇA A SEXTA DAS 10H00 AS 17H","CONFIRMADO","70,80","","","2","1146",""
"27/07","VMB - OLIVIO CNPJ: 27.350.242/0001-61","ACUCAR REFINADO","10,00","2,59","KINGFOOD","TERÇA A SEXTA DAS 10H00 AS 17H","CONFIRMADO","25,90","","","10","1147",""
"27/07","VMB - OLIVIO CNPJ: 27.350.242/0001-61","ARROZ ARBORIO CAMIL KG","5,00","14,42","KINGFOOD","TERÇA A SEXTA DAS 10H00 AS 17H","CONFIRMADO","72,10","","","5","1148",""
"27/07","VMB - OLIVIO CNPJ: 27.350.242/0001-61","ARROZ TIPO1 5 KG CAMIL","15,00","4,29","DTK","TERÇA A SEXTA DAS 10H00 AS 17H","CONFIRMADO","64,35","","","15","1149",""
"27/07","VMB - OLIVIO CNPJ: 27.350.242/0001-61","CATCHUP HEINZ 397G","12,00","10,99","DTK","TERÇA A SEXTA DAS 10H00 AS 17H","CONFIRMADO","131,88","","","12","1150",""
"27/07","VMB - OLIVIO CNPJ: 27.350.242/0001-61","FARINHA PANKO ALFA KG","5,00","16,32","DTK","TERÇA A SEXTA DAS 10H00 AS 17H","CONFIRMADO","81,60","","","5","1151",""
"27/07","VMB - OLIVIO CNPJ: 27.350.242/0001-61","FEIJAO CARIOCA CAMIL 1KG","2,00","9,29","KINGFOOD","TERÇA A SEXTA DAS 10H00 AS 17H","CONFIRMADO","18,58","","","2","1152",""
"27/07","VMB - OLIVIO CNPJ: 27.350.242/0001-61","MOLHO SHOYU SAKURA 1 L","2,00","15,60","AVELINOS","TERÇA A SEXTA DAS 10H00 AS 17H","CONFIRMADO","31,20","","","2","1153",""
"27/07","VMB - OLIVIO CNPJ: 27.350.242/0001-61","OLEO DE SOJA 900ML","10,00","6,98","KINGFOOD","TERÇA A SEXTA DAS 10H00 AS 17H","CONFIRMADO","69,80","","","10","1154",""
"27/07","VMB - OLIVIO CNPJ: 27.350.242/0001-61","SAL REFINADO","6,00","2,21","MEGA G","TERÇA A SEXTA DAS 10H00 AS 17H","CONFIRMADO","13,26","","","6","1155",""
"27/07","VMB - OLIVIO CNPJ: 27.350.242/0001-61","DOCE DE LEITE 400G LA SERENISSIMA","2,00","14,20","DTK","TERÇA A SEXTA DAS 10H00 AS 17H","CONFIRMADO","28,40","","","2","1156",""
"27/07","VMB - OLIVIO CNPJ: 27.350.242/0001-61","LEITE CONDENSADO 2,6KG (MOÇA)","2,00","69,99","KINGFOOD","TERÇA A SEXTA DAS 10H00 AS 17H","CONFIRMADO","139,98","","","2","1157",""
"27/07","VMB - OLIVIO CNPJ: 27.350.242/0001-61","OVOMALTINE FLOCOS","1,00","38,05","MEGA G","TERÇA A SEXTA DAS 10H00 AS 17H","CONFIRMADO","38,05","","","1","1158",""
"27/07","VMB - OLIVIO CNPJ: 27.350.242/0001-61","PAO DE FORMA P FUNCIONARIOS","10,00","5,99","AVELINOS","TERÇA A SEXTA DAS 10H00 AS 17H","CONFIRMADO","59,90","","","10","1159",""
"27/07","VMB - OLIVIO CNPJ: 27.350.242/0001-61","FILE SALMAO","10,00","70,69","MEGA G","TERÇA A SEXTA DAS 10H00 AS 17H","CONFIRMADO","706,90","","","10","1160",""
"27/07","JT - FORTUNATO CNPJ: 54.572.897/0001-57 ","CANUDO EMBALADO","1,00","","DISTUDO","TERÇA A SEXTA DAS 8H30 AS 16H","CONFIRMADO","0,00","","","1","500",""
"27/07","JT - FORTUNATO CNPJ: 54.572.897/0001-57 ","COPO DESCARTAVEL 300ML","1,00","","Quality","TERÇA A SEXTA DAS 8H30 AS 16H","CONFIRMADO","0,00","","","1","501",""
"27/07","JT - FORTUNATO CNPJ: 54.572.897/0001-57 ","EMBALAGEM R-041 DIVISORIA BRANCA - REFLET","1,00","2,98","PLASTICOS SEGANTINI","TERÇA A SEXTA DAS 8H30 AS 16H","CONFIRMADO","2,98","","","1","502",""
"27/07","JT - FORTUNATO CNPJ: 54.572.897/0001-57 ","AGUA SANITARIA 5L","4,00","12,90","Quality","TERÇA A SEXTA DAS 8H30 AS 16H","CONFIRMADO","51,60","","","4","503",""
"27/07","JT - FORTUNATO CNPJ: 54.572.897/0001-57 ","ALCOOL GEL","2,00","9,00","Quality","TERÇA A SEXTA DAS 8H30 AS 16H","CONFIRMADO","18,00","","","2","504",""
"27/07","JT - FORTUNATO CNPJ: 54.572.897/0001-57 ","BOMBRIL  LA DE ACO","3,00","2,50","Quality","TERÇA A SEXTA DAS 8H30 AS 16H","CONFIRMADO","7,50","","","3","505",""
"27/07","JT - FORTUNATO CNPJ: 54.572.897/0001-57 ","LIMPA PEDRA","1,00","21,00","Quality","TERÇA A SEXTA DAS 8H30 AS 16H","CONFIRMADO","21,00","","","1","506",""
"27/07","JT - FORTUNATO CNPJ: 54.572.897/0001-57 ","PAPEL HIGIENICO CAI CAI","1,00","200,71","Amade","TERÇA A SEXTA DAS 8H30 AS 16H","CONFIRMADO","200,71","","","1","507",""
"27/07","JT - FORTUNATO CNPJ: 54.572.897/0001-57 ","PAPEL TOALHA ROLAO","3,00","102,48","Amade","TERÇA A SEXTA DAS 8H30 AS 16H","CONFIRMADO","307,44","","","3","508",""
"27/07","JT - FORTUNATO CNPJ: 54.572.897/0001-57 ","SACO DE LIXO PRETO REFORÇADO 100L","2,00","39,90","SPEEDLOG","TERÇA A SEXTA DAS 8H30 AS 16H","CONFIRMADO","79,80","","","2","509",""
"27/07","JT - FORTUNATO CNPJ: 54.572.897/0001-57 ","SACO DE LIXO VERDE REFORÇADO 100L","1,00","39,90","SPEEDLOG","TERÇA A SEXTA DAS 8H30 AS 16H","CONFIRMADO","39,90","","","1","510",""
"27/07","MF - BETSY CNPJ: 43.672.862/0001-73 ","CANUDO EMBALADO","1,00","","DISTUDO","TERÇA E QUARTA DAS 7H30 AS 11H30","CONFIRMADO","0,00","","","1","511",""
"27/07","MF - BETSY CNPJ: 43.672.862/0001-73 ","CANUDO MILKSHAKE","1,00","","DISTUDO","TERÇA E QUARTA DAS 7H30 AS 11H30","CONFIRMADO","0,00","","","1","512",""
"27/07","MF - BETSY CNPJ: 43.672.862/0001-73 ","COPO DESCARTAVEL 50 ML","4,00","3,15","Quality","TERÇA E QUARTA DAS 7H30 AS 11H30","CONFIRMADO","12,60","","","4","513",""
"27/07","MF - BETSY CNPJ: 43.672.862/0001-73 ","FITA FILME 40CM","1,00","83,80","Quality","TERÇA E QUARTA DAS 7H30 AS 11H30","CONFIRMADO","83,80","","","1","514",""
"27/07","MF - BETSY CNPJ: 43.672.862/0001-73 ","GUARDANAPO 40X40","1.000,00","","SCALA","TERÇA E QUARTA DAS 7H30 AS 11H30","","0,00","","","1000","515",""
"27/07","MF - BETSY CNPJ: 43.672.862/0001-73 ","PAPEL ALUMINIO","1,00","60,00","Quality","TERÇA E QUARTA DAS 7H30 AS 11H30","CONFIRMADO","60,00","","","1","516",""
"27/07","MF - BETSY CNPJ: 43.672.862/0001-73 ","SACO VACUO 25X30","1,00","537,00","Tecmaq","TERÇA E QUARTA DAS 7H30 AS 11H30","CONFIRMADO","537,00","","","1","517",""
"27/07","MF - BETSY CNPJ: 43.672.862/0001-73 ","VELA FAISCA","50,00","","MERCADO LIVRE","TERÇA E QUARTA DAS 7H30 AS 11H30","","0,00","","","50","518",""
"27/07","MF - BETSY CNPJ: 43.672.862/0001-73 ","SACO VACUO 15X20","1,00","217,00","Tecmaq","TERÇA E QUARTA DAS 7H30 AS 11H30","CONFIRMADO","217,00","","","1","519",""
"27/07","MF - BETSY CNPJ: 43.672.862/0001-73 ","BOM AR SPRAY","1,00","10,90","Quality","TERÇA E QUARTA DAS 7H30 AS 11H30","CONFIRMADO","10,90","","","1","520",""
"27/07","MF - BETSY CNPJ: 43.672.862/0001-73 ","PAPEL TOALHA INTERFOLHADO","1,00","191,61","Amade","TERÇA E QUARTA DAS 7H30 AS 11H30","CONFIRMADO","191,61","","","1","521",""
"27/07","MF - BETSY CNPJ: 43.672.862/0001-73 ","REFIL P/ ASSENTO SANITARIO","6,00","14,90","Amade","TERÇA E QUARTA DAS 7H30 AS 11H30","CONFIRMADO","89,40","","","6","522",""
"27/07","MF - BETSY CNPJ: 43.672.862/0001-73 ","ALCOOL 70% L","12,00","7,20","Quality","TERÇA E QUARTA DAS 7H30 AS 11H30","CONFIRMADO","86,40","","","12","523",""
"27/07","MF - BETSY CNPJ: 43.672.862/0001-73 ","DESINFETANTE COALA","3,00","15,00","Quality","TERÇA E QUARTA DAS 7H30 AS 11H30","CONFIRMADO","45,00","","","3","524",""
"27/07","MF - BETSY CNPJ: 43.672.862/0001-73 ","ESPONJA DUPLA FACE","10,00","0,65","Quality","TERÇA E QUARTA DAS 7H30 AS 11H30","CONFIRMADO","6,50","","","10","525",""
"27/07","MF - BETSY CNPJ: 43.672.862/0001-73 ","ESPONJA FIBRAÇO","10,00","1,60","Quality","TERÇA E QUARTA DAS 7H30 AS 11H30","CONFIRMADO","16,00","","","10","526",""
"27/07","MF - BETSY CNPJ: 43.672.862/0001-73 ","LUVA (LÁTEX - PROCEDIMENTO)","1,00","30,20","Quality","TERÇA E QUARTA DAS 7H30 AS 11H30","CONFIRMADO","30,20","","","1","527",""
"27/07","MF - BETSY CNPJ: 43.672.862/0001-73 ","PAPEL TOALHA ROLAO","1,00","256,00","Amade","TERÇA E QUARTA DAS 7H30 AS 11H30","CONFIRMADO","256,00","","","1","528",""
"27/07","MF - BETSY CNPJ: 43.672.862/0001-73 ","SABAO DAYMON - MASTER DISH 5LT","1,00","167,08","Daymon","TERÇA E QUARTA DAS 7H30 AS 11H30","CONFIRMADO","167,08","","","1","529",""
"27/07","MF - BETSY CNPJ: 43.672.862/0001-73 ","SACO DE LIXO PRETO REFORÇADO 100L","1,00","39,90","SPEEDLOG","TERÇA E QUARTA DAS 7H30 AS 11H30","CONFIRMADO","39,90","","","1","530",""
"27/07","MF - BETSY CNPJ: 43.672.862/0001-73 ","SACO DE LIXO PRETO REFORÇADO 200L","1,00","71,90","SPEEDLOG","TERÇA E QUARTA DAS 7H30 AS 11H30","CONFIRMADO","71,90","","","1","531",""
"27/07","MF - BETSY CNPJ: 43.672.862/0001-73 ","SACO DE LIXO VERDE REFORÇADO 100L","1,00","39,90","SPEEDLOG","TERÇA E QUARTA DAS 7H30 AS 11H30","CONFIRMADO","39,90","","","1","532",""
"27/07","MF - BETSY CNPJ: 43.672.862/0001-73 ","SACO DE LIXO VERDE REFORÇADO 60L","1,00","18,90","SPEEDLOG","TERÇA E QUARTA DAS 7H30 AS 11H30","CONFIRMADO","18,90","","","1","533",""
"27/07","MF - BETSY CNPJ: 43.672.862/0001-73 ","SPAR CLEAN DESINFETANTE EUCALIPTO 5L","4,00","","SPAR CLEAN","TERÇA E QUARTA DAS 7H30 AS 11H30","ENVIADO","0,00","","","4","534",""
"27/07","MF - BETSY CNPJ: 43.672.862/0001-73 ","STONE DET - DAYMON","1,00","356,44","Daymon","TERÇA E QUARTA DAS 7H30 AS 11H30","CONFIRMADO","356,44","","","1","535",""
"27/07","MF - BETSY CNPJ: 43.672.862/0001-73 ","SACO PARA CONFEITAR 50x38cm GG","1,00","69,90","Quality","TERÇA E QUARTA DAS 7H30 AS 11H30","CONFIRMADO","69,90","","","1","536",""
"27/07","VMB - OLIVIO CNPJ: 27.350.242/0001-61","ALCOOL 70% L","18,00","7,20","Quality","TERÇA A SEXTA DAS 10H00 AS 17H","CONFIRMADO","129,60","","","18","537",""
"27/07","VMB - OLIVIO CNPJ: 27.350.242/0001-61","ESPONJA FIBRAÇO","13,00","1,60","Quality","TERÇA A SEXTA DAS 10H00 AS 17H","CONFIRMADO","20,80","","","13","538",""
"27/07","VMB - OLIVIO CNPJ: 27.350.242/0001-61","SACO DE LIXO VERDE REFORÇADO 200L","2,00","71,90","SPEEDLOG","TERÇA A SEXTA DAS 10H00 AS 17H","CONFIRMADO","143,80","","","2","539",""
"27/07","VMB - OLIVIO CNPJ: 27.350.242/0001-61","STONE DET - DAYMON","1,00","356,44","Daymon","TERÇA A SEXTA DAS 10H00 AS 17H","CONFIRMADO","356,44","","","1","540",""
"27/07","JT - FORTUNATO CNPJ: 54.572.897/0001-57 ","SACO/PANO ALVEJADO","30,00","2,70","Quality","TERÇA A SEXTA DAS 8H30 AS 16H","CONFIRMADO","81,00","","","30","541",""